{"0": {"0": {"25": {"intercept": 13.013333333333332, "r-value": 0.20333142711013985, "slope": 0.1333333333333335}, "5": {"intercept": 7.888146911519192, "r-value": 0.8210029619168042, "slope": 0.47440178074568773}, "45": {"intercept": 10.558139534883718, "r-value": 0.19769341753963707, "slope": 0.2984496124031008}}, "1": {"25": {"intercept": 10.564705882352943, "r-value": 0.2596413528687495, "slope": 0.29803921568627445}, "5": {"intercept": 13.33333333333334, "r-value": 0.1217948717948714, "slope": 0.11309523809523772}, "45": {"intercept": 13.601190476190474, "r-value": 0.09426126843912264, "slope": 0.09523809523809533}}, "2": {"25": {"intercept": 15.285714285714286, "r-value": -0.02873610675690389, "slope": -0.017857142857142846}, "5": {"intercept": 13.642857142857142, "r-value": 0.09426126843912262, "slope": 0.09329446064139944}, "45": {"intercept": 10.277456647398832, "r-value": 0.2744517156638956, "slope": 0.31599229287090635}}, "3": {"25": {"intercept": NaN, "r-value": 0.0, "slope": NaN}, "5": {"intercept": 15.0, "r-value": 0.0, "slope": 0.0}, "45": {"intercept": 6.188235294117641, "r-value": 0.5882352941176474, "slope": 0.5882352941176474}}, "4": {"25": {"intercept": 3.0160642570281357, "r-value": 0.300408914805284, "slope": 0.804551539491297}, "5": {"intercept": 9.658823529411759, "r-value": 0.27065439126637625, "slope": 0.3588235294117651}, "45": {"intercept": 12.99178798058977, "r-value": 0.2271145965430204, "slope": 0.14259051885031743}}, "5": {"25": {"intercept": 2.4988906099552146, "r-value": 0.7130376525904963, "slope": 0.9264662787290153}, "5": {"intercept": 13.5, "r-value": 0.0405475600867895, "slope": 0.13636363636363633}, "45": {"intercept": 7.28163513278945, "r-value": 0.3906105073526926, "slope": 0.6827807672279115}}, "6": {"25": {"intercept": 12.600514494904525, "r-value": 0.3785898987335345, "slope": 0.6383892351835361}, "5": {"intercept": 9.900963341097416, "r-value": 0.460249216602868, "slope": 0.6590811332851797}, "45": {"intercept": 2.7742245431530854, "r-value": 0.8006701998401616, "slope": 1.0236679687365087}}, "7": {"25": {"intercept": 8.584698238993862, "r-value": 0.7665769764348184, "slope": 0.8721253944251666}, "5": {"intercept": 5.446368464357825, "r-value": 0.7935238971475959, "slope": 0.9258902889316538}, "45": {"intercept": -0.8140196550263141, "r-value": 0.9330414048288482, "slope": 1.0155406259269573}}, "8": {"25": {"intercept": 12.205008424829405, "r-value": 0.619370799593392, "slope": 0.6536668976165386}, "5": {"intercept": 11.295530327492049, "r-value": 0.63090627241984, "slope": 0.7047164245225898}, "45": {"intercept": 13.648189570604636, "r-value": 0.5643511774066527, "slope": 0.509694271017073}}, "9": {"25": {"intercept": 4.142383693625277, "r-value": 0.9037718919365588, "slope": 0.7365282435868887}, "5": {"intercept": 14.457693762520954, "r-value": 0.4952849484579604, "slope": 0.409634306368234}, "45": {"intercept": 3.4982490386319967, "r-value": 0.8914959307561643, "slope": 0.7151162859257612}}, "10": {"25": {"intercept": 1.7666677033330025, "r-value": 0.8501694228076754, "slope": 0.8753478786024501}, "5": {"intercept": 3.512562341321331, "r-value": 0.8874290169061819, "slope": 0.7565469077971553}, "45": {"intercept": 17.956325000837662, "r-value": -0.00892784588357482, "slope": -0.006487507638697215}}, "11": {"25": {"intercept": 16.714473589850954, "r-value": 0.22407640938805268, "slope": 0.2597420172713329}, "5": {"intercept": 2.865444700279813, "r-value": 0.8297101021168697, "slope": 0.948268880951949}, "45": {"intercept": -1.1098471945935628, "r-value": 0.8839480285852279, "slope": 1.1167534130855383}}, "12": {"25": {"intercept": 0.7767917496999139, "r-value": 0.9280337785871737, "slope": 1.0268945274378}, "5": {"intercept": 2.1342087839211494, "r-value": 0.9267903548578205, "slope": 0.928262705602218}, "45": {"intercept": 1.4569387301234258, "r-value": 0.9198635253063004, "slope": 0.9230512620927389}}, "13": {"25": {"intercept": 15.511366041687555, "r-value": 0.4034811213734166, "slope": 0.39581174871606345}, "5": {"intercept": -0.11061033771146, "r-value": 0.9598086009823346, "slope": 1.0037943362758563}, "45": {"intercept": 13.633739112027667, "r-value": 0.4642069373333931, "slope": 0.49030191125568673}}, "14": {"25": {"intercept": 18.75987427775582, "r-value": 0.426189909133441, "slope": 0.45405303671917635}, "5": {"intercept": 3.946803586882581, "r-value": 0.9411206120503649, "slope": 0.9331793984933682}, "45": {"intercept": 1.6030396229456123, "r-value": 0.9315613441133898, "slope": 1.0129330557337166}}, "15": {"25": {"intercept": 3.7472423574730342, "r-value": 0.9360789197060472, "slope": 0.9586643678564308}, "5": {"intercept": 19.878069632662267, "r-value": 0.47397701802542924, "slope": 0.48814865843553995}, "45": {"intercept": 2.6291365675001686, "r-value": 0.9378752696563695, "slope": 0.9914742230276136}}, "16": {"25": {"intercept": 0.5158883427900136, "r-value": 0.9403015805441424, "slope": 0.9852015028274286}, "5": {"intercept": 3.521675848533164, "r-value": 0.933808938060478, "slope": 0.9569655867695321}, "45": {"intercept": 1.5633335717147077, "r-value": 0.9295555572309173, "slope": 0.9252515456512939}}, "17": {"25": {"intercept": -1.3796204324981218, "r-value": 0.9527977716512167, "slope": 1.0005443534788965}, "5": {"intercept": -0.43027482879928414, "r-value": 0.9376276625230091, "slope": 0.9856247730886238}, "45": {"intercept": -1.5730175282907481, "r-value": 0.9559339160054612, "slope": 0.932582188143537}}, "18": {"25": {"intercept": 0.6004550991353561, "r-value": 0.946589473278857, "slope": 0.8903420492271065}, "5": {"intercept": 0.17212361116569141, "r-value": 0.9659968584696825, "slope": 0.9059682155535949}, "45": {"intercept": 1.0028187606687062, "r-value": 0.9301330881260907, "slope": 0.7978603516948005}}, "19": {"25": {"intercept": 4.42725058511178, "r-value": 0.9055550383642486, "slope": 0.6650615324444736}, "5": {"intercept": 3.5198239247008267, "r-value": 0.9470251206596084, "slope": 0.717770743113366}, "45": {"intercept": 5.594271053136394, "r-value": 0.8517273829177052, "slope": 0.603160368309994}}, "20": {"25": {"intercept": 4.701118083732339, "r-value": 0.8876895403831735, "slope": 0.684301165051077}, "5": {"intercept": 3.873907921110206, "r-value": 0.9491541141704, "slope": 0.7268234466086267}, "45": {"intercept": 7.061411886100679, "r-value": 0.9177718665553206, "slope": 0.5303903488550794}}, "21": {"25": {"intercept": 6.64291825464727, "r-value": 0.4561972756448715, "slope": 0.564439604884499}, "5": {"intercept": 6.743631881676253, "r-value": 0.8546057867444186, "slope": 0.5555464256368118}, "45": {"intercept": 9.828548927954476, "r-value": 0.48968864407908924, "slope": 0.3488212580022356}}, "22": {"25": {"intercept": 11.73908353025789, "r-value": 0.34526381991774086, "slope": 0.22238775300523966}, "5": {"intercept": 1.623660758986686, "r-value": 0.9028639435699025, "slope": 0.891308701311705}, "45": {"intercept": 14.048872180451127, "r-value": 0.15442984842567933, "slope": 0.0664160401002506}}, "23": {"25": {"intercept": 15.075873015873016, "r-value": 0.0034333131065451806, "slope": 0.004603174603174618}, "5": {"intercept": -9.901840490797493, "r-value": 0.4006470567423974, "slope": 1.6605316973415098}, "45": {"intercept": 15.12755248460231, "r-value": -0.017790549069399402, "slope": -0.004966997063952845}}}, "1": {"0": {"25": {"intercept": 5.668560606060597, "r-value": 0.9804702413667815, "slope": 0.6231060606060612}, "5": {"intercept": 3.333136444181932, "r-value": 0.9812358271136771, "slope": 0.7749556999409328}, "45": {"intercept": -5.130484988452643, "r-value": 0.9603469650489213, "slope": 1.342956120092378}}, "1": {"25": {"intercept": 15.176470588235293, "r-value": -0.029411764705882377, "slope": -0.009803921568627463}, "5": {"intercept": 6.821152192605332, "r-value": 0.9223201624593622, "slope": 0.5462883347664086}, "45": {"intercept": 15.238805970149253, "r-value": -0.0209518868547528, "slope": -0.014925373134328351}},